Open,High,Low,Close,Adj_Close,Volume
49.676899,51.693783,47.669952,49.845802,49.845802,44994500
50.178635,54.187561,49.925285,53.80505,53.80505,23005800
55.017166,56.373344,54.172661,54.346527,54.346527,18393200
55.260582,55.439419,51.450363,52.096165,52.096165,15361800
52.140873,53.651051,51.604362,52.657513,52.657513,9257400
52.135906,53.626213,51.991844,53.606342,53.606342,7148200
53.700729,53.959049,52.503513,52.732029,52.732029,6258300
52.299839,52.40416,50.675404,50.675404,50.675404,5235700
50.819469,51.519913,50.74992,50.85424,50.85424,4954800
51.018177,51.152302,49.512966,49.80109,49.80109,9206800
49.274517,50.85424,49.150326,50.427021,50.427021,15232100
50.14883,50.541279,49.339096,49.681866,49.681866,5191000
50.178635,50.670437,49.483158,50.461796,50.461796,5891300
50.04451,51.18211,49.925285,50.819469,50.819469,5023000
50.933723,51.023144,50.173668,50.824436,50.824436,4092100
50.471729,52.935703,50.322701,52.324677,52.324677,8764200
52.970478,53.854729,52.886028,53.402668,53.402668,7902900
53.377831,55.638126,53.049961,55.384777,55.384777,10910200
54.922779,56.745922,54.743942,55.638126,55.638126,10793500
55.80703,57.525848,55.46426,56.616764,56.616764,9335800
56.840309,58.365391,56.408119,58.365391,58.365391,9543500
58.097134,60.407108,58.007717,59.294346,59.294346,10708500
59.517895,59.820923,58.375324,58.539257,58.539257,7282900
58.320679,59.448345,58.027588,58.807514,58.807514,7638000
59.036026,60.918781,58.131908,60.01963,60.01963,8599600
60.079243,61.649033,59.493053,59.527828,59.527828,9191900
59.3937,60.049435,58.519386,58.747902,58.747902,7119100
60.25808,63.288372,59.716602,63.020115,63.020115,17056100
62.940632,67.073753,62.70715,65.116478,65.116478,30745600
64.530296,65.722542,64.083199,64.381264,64.381264,13861300
64.977386,66.686272,64.033524,65.861633,65.861633,15238400
67.188004,67.992775,66.581947,67.09362,67.09362,13120500
66.894913,68.817406,65.692734,68.737923,68.737923,15085500
68.330574,68.777664,67.560585,68.097092,68.097092,13481800
68.017609,69.488045,67.833809,68.976372,68.976372,14221000
68.911797,69.388695,68.067291,68.419991,68.419991,11152500
68.05735,68.981346,66.492531,67.192978,67.192978,10550700
66.785622,68.360382,66.268982,68.256058,68.256058,11753000
71.19693,71.311188,69.587402,69.994751,69.994751,19914500
70.049393,70.729973,68.832314,70.541199,70.541199,10520500
71.996727,72.279892,70.516357,71.589378,71.589378,13293800
71.137321,74.117935,70.14875,74.098061,74.098061,14141700
74.763733,75.707596,73.198914,73.492004,73.492004,18245900
73.536713,74.013611,69.348953,69.791077,69.791077,22893300
71.733444,74.579933,70.352425,74.207352,74.207352,29368600
84.718987,89.502869,81.509857,85.657875,85.657875,74263500
87.630051,96.5868,85.717491,93.094513,93.094513,65954500
92.567932,95.697578,89.418419,90.312607,90.312607,44904300
90.76963,94.147659,90.297699,92.384132,92.384132,26886700
92.736839,96.566925,92.200325,96.025444,96.025444,29886600
98.802383,99.328964,94.684174,94.704041,94.704041,42600200
96.149643,98.196327,95.017006,97.38163,97.38163,24608700
98.747742,98.981224,96.045319,96.805374,96.805374,22840000
98.449677,100.148628,94.758682,95.215714,95.215714,27957900
93.611153,94.584816,91.082596,91.753235,91.753235,29006600
90.402023,90.560989,83.730415,84.127831,84.127831,39924100
84.912727,87.153152,84.152664,85.717491,85.717491,22529100
86.48748,87.033928,82.101013,83.804932,83.804932,22272300
84.783562,85.702591,82.627586,83.387642,83.387642,21426400
84.018539,91.281303,83.243584,90.918663,90.918663,30165800
92.016518,94.286758,88.126823,90.411957,90.411957,33709900
89.641968,93.551537,88.797455,91.837685,91.837685,23957800
88.176498,89.155128,84.863045,85.712524,85.712524,42106800
83.963898,88.176498,83.953957,85.69265,85.69265,36501500
84.594795,86.646446,82.329529,83.228676,83.228676,33475500
84.003639,84.440796,82.72197,84.152664,84.152664,17652600
81.703598,84.202347,80.133804,82.016563,82.016563,24897200
83.442291,84.863045,82.712036,83.218742,83.218742,24988000
86.845154,88.032433,85.697617,86.815353,86.815353,30760600
87.331993,89.433319,87.093544,89.115387,89.115387,13044400
89.59726,90.883888,88.181465,89.940025,89.940025,21471900
89.771126,90.90873,89.54261,90.402023,90.402023,15500000
90.387115,90.660339,89.19487,89.398552,89.398552,15830400
89.368744,90.168541,88.698105,89.120361,89.120361,12603200
89.393578,89.944992,88.226173,89.617126,89.617126,11814600
88.986229,89.766159,87.441277,87.575409,87.575409,12589300
87.431343,87.530701,84.723953,85.16111,85.16111,13831100
84.624596,86.278839,83.819832,84.440796,84.440796,15181600
84.574921,86.189423,83.690674,86.154648,86.154648,15407500
86.154648,86.874962,85.09156,85.270401,85.270401,8690500
85.528717,86.030457,84.177505,84.674278,84.674278,9699800
84.947502,88.83223,84.252022,88.767654,88.767654,22320900
88.419914,89.761192,87.759209,89.309128,89.309128,23091100
87.903275,89.661835,87.406502,87.664825,87.664825,17257000
87.808891,89.666801,87.704567,89.45816,89.45816,14868300
90.411957,93.621086,90.347374,91.912201,91.912201,19796800
92.553032,93.332962,91.107437,91.281303,91.281303,11104300
91.35582,92.821289,90.913696,92.548065,92.548065,7864700
93.119347,93.690636,92.399033,93.342896,93.342896,7276100
93.963852,96.025444,93.939018,95.334938,95.334938,12287500
95.434296,96.149643,94.887848,95.757195,95.757195,8345300
95.270355,96.134735,95.270355,95.826736,95.826736,5391000
95.861511,98.474518,95.30513,98.161552,98.161552,11885300
98.971291,99.294189,95.657837,95.772095,95.772095,15436700
98.062202,101.162041,97.098465,100.700043,100.700043,31894300
100.049278,100.809334,96.114868,96.621567,96.621567,27690700
96.09996,97.813812,95.493904,96.129768,96.129768,16580200
96.909698,97.317047,93.253479,93.665794,93.665794,20909100
94.704041,96.497375,93.780052,96.298668,96.298668,19451500
96.621567,98.409935,95.295197,96.899757,96.899757,15177200
97.177948,98.216202,95.965836,96.144669,96.144669,14007900
96.537117,97.331947,94.634491,97.058723,97.058723,16461900
97.058723,98.057236,96.398026,97.03389,97.03389,13787800
97.366722,99.358765,96.437767,99.338898,99.338898,19405800
99.835663,101.84758,98.688126,101.291199,101.291199,26516500
101.663773,101.986671,97.719429,98.01252,98.01252,22661700
95.628029,97.490913,95.379646,96.333443,96.333443,18120200
96.641441,97.04879,93.452187,93.53167,93.53167,18637100
93.735344,94.053276,89.577385,89.776093,89.776093,28227700
90.382149,90.531181,87.575409,87.987724,87.987724,21456900
89.055779,94.093018,88.996162,94.008568,94.008568,24775800
93.770119,93.819794,92.001617,93.432312,93.432312,13340900
94.396042,96.720924,92.567932,94.555008,94.555008,24575200
96.219185,97.545563,95.240555,97.177948,97.177948,19318100
96.561958,97.694588,94.699074,95.329971,95.329971,37922900
107.07856,107.699516,101.171974,102.314545,102.314545,66025100
102.329445,105.995598,102.240028,104.748711,104.748711,26145000
102.567894,103.203758,100.645401,101.519714,101.519714,29831300
101.966805,102.533119,97.123306,97.38163,97.38163,26089300
97.84362,99.363731,96.636475,98.678192,98.678192,23109200
99.731346,100.148628,94.117851,95.171005,95.171005,34566200
95.364746,95.483971,92.026459,93.382637,93.382637,38212200
92.726898,95.538612,92.433807,93.094513,93.094513,26402500
90.834213,95.916161,89.915192,95.871452,95.871452,77625900
96.174477,99.274315,95.916161,96.984215,96.984215,51900900
96.720924,99.020966,96.522217,98.563934,98.563934,33279500
98.27581,99.229607,97.769104,98.310585,98.310585,20964200
98.613617,98.77755,97.694588,98.335426,98.335426,17082100
97.615105,98.80735,94.579849,95.066681,95.066681,27142700
96.025444,96.611633,93.720436,96.348351,96.348351,31374600
91.092529,94.311592,90.526215,93.834694,93.834694,51964300
93.963852,94.346367,92.155617,92.33445,92.33445,20076700
92.399033,94.321526,92.324516,93.387604,93.387604,15738400
94.033401,94.261917,90.411957,92.428841,92.428841,18743400
92.374191,93.228638,91.584335,91.991684,91.991684,14665700
92.463615,93.268379,91.559494,92.900772,92.900772,15316100
92.746773,93.019997,91.937035,92.349358,92.349358,13636200
93.283279,94.187401,92.910706,93.794952,93.794952,17447500
93.939018,94.311592,91.88736,92.001617,92.001617,16196700
91.509819,91.728394,89.497902,90.089058,90.089058,22868500
89.920158,90.014542,88.126823,89.408485,89.408485,22063500
89.637001,89.89035,88.002625,88.325531,88.325531,16160900
88.588814,88.623589,85.727425,86.929604,86.929604,22438000
87.083603,89.418419,86.54213,88.727913,88.727913,20979600
87.779083,88.727913,86.939545,87.232635,87.232635,14305000
87.992691,89.239586,87.331993,89.065712,89.065712,16628600
88.827263,89.617126,88.57888,89.438293,89.438293,14272100
89.055779,90.496407,88.052307,89.855576,89.855576,15064600
90.004608,90.382149,88.350365,88.722946,88.722946,11336500
88.409981,89.537643,88.409981,88.911713,88.911713,9752900
89.766159,89.845642,89.021004,89.045845,89.045845,7458500
90.252991,91.80291,89.89035,90.123833,90.123833,17589600
89.940025,91.047821,88.459656,89.204811,89.204811,13030100
89.736351,90.138733,89.219711,89.641968,89.641968,12553200
88.40004,90.108925,88.246048,89.671768,89.671768,13625200
90.292732,90.883888,89.413452,89.438293,89.438293,12444300
89.393578,92.061234,89.338936,92.046326,92.046326,16257700
93.258446,94.515266,93.178963,93.675728,93.675728,17587000
94.008568,94.212242,93.183929,93.998627,93.998627,10573400
93.780052,96.681183,93.710503,96.25396,96.25396,19510300
96.219185,96.919632,95.106422,95.404488,95.404488,10299700
95.921127,96.770599,95.538612,95.990677,95.990677,10891300
95.876419,96.581825,94.093018,96.353317,96.353317,14734300
96.109901,96.53215,94.251984,95.841644,95.841644,13196800
96.010544,96.552025,94.435783,95.106422,95.106422,12385400
94.435783,94.555008,91.73336,91.902267,91.902267,23305300
91.693619,93.332962,91.152145,92.880898,92.880898,13185800
94.053276,95.379646,93.407471,95.081589,95.081589,16969600
98.648384,99.60218,97.322014,98.409935,98.409935,31104000
99.562439,101.837646,99.015999,101.450165,101.450165,35734600
110.729813,111.276253,106.437729,107.207718,107.207718,66842100
108.206223,111.643867,108.05719,111.04277,111.04277,39937900
109.398468,110.282715,108.439705,108.668221,108.668221,34768600
108.290672,109.711433,107.669716,109.179893,109.179893,20663100
109.040794,110.322456,108.151581,109.015953,109.015953,17478500
110.238007,110.406906,108.206223,109.289177,109.289177,18459600
110.307556,111.127228,109.393501,110.426781,110.426781,19661700
110.208199,113.337845,109.944916,112.364182,112.364182,35791600
112.880821,114.197258,112.766563,113.511719,113.511719,24324100
113.571327,113.571327,112.210182,112.75663,112.75663,15116800
113.462036,113.884293,112.503273,113.27327,113.27327,13615700
113.263329,113.511719,111.986633,112.279732,112.279732,11145500
112.006508,113.163979,111.633926,113.163979,113.163979,12774000
113.745193,115.240471,113.228554,114.897697,114.897697,23106800
114.659248,115.364662,113.362686,113.621002,113.621002,18012600
113.849518,114.798347,112.925529,113.879326,113.879326,14927400
114.0979,115.061638,113.546486,114.778473,114.778473,11436600
114.535057,115.970726,114.356224,115.811752,115.811752,15719300
116.050209,119.209656,116.005493,118.807274,118.807274,24784100
119.393463,119.805779,118.36515,118.817207,118.817207,19559400
119.825653,120.054161,119.05069,120.024361,120.024361,16433100
120.79435,128.21608,120.570801,126.899643,126.899643,43054700
127.649765,131.862366,125.930939,127.172867,127.172867,58463900
125.548431,129.646774,124.505211,129.562317,129.562317,36350600
129.636841,131.027786,128.31543,128.762527,128.762527,27269300
129.388458,132.16539,128.787369,132.140549,132.140549,24526600
133.844467,138.300491,133.814667,137.739136,137.739136,44762800
140.684982,145.498672,140.098785,143.069473,143.069473,70841100
143.432114,143.95372,141.380463,143.019791,143.019791,36181900
142.468384,143.715271,137.808685,139.224472,139.224472,37808800
140.282593,145.925888,140.00441,144.529968,144.529968,45344800
147.590073,148.827026,144.212036,145.61293,145.61293,48962300
145.478806,145.647705,138.101776,138.87674,138.87674,51736100
141.440063,143.317856,139.373505,142.229935,142.229935,33095900
142.567734,142.711792,139.105255,140.337234,140.337234,25558200
139.005905,141.176788,137.366562,140.461441,140.461441,25772900
138.394882,139.711319,137.977585,138.27565,138.27565,20314900
136.611481,137.754044,132.850937,136.512115,136.512115,42037700
136.243866,138.250809,135.65271,137.823593,137.823593,25086800
138.598557,139.244354,137.058563,139.244354,139.244354,21004400
137.152954,142.905533,134.987045,142.423676,142.423676,42322800
143.104248,144.212036,141.564255,142.98999,142.98999,30461300
143.899078,145.215515,143.402313,143.715271,143.715271,21084100
143.069473,146.452469,142.32431,143.918945,143.918945,28295600
144.510101,148.037155,143.85437,147.664581,147.664581,35773400
148.484253,151.251251,145.98053,151.067459,151.067459,35837300
152.150406,153.625809,150.024231,150.024231,150.024231,38320500
150.272629,151.206543,145.131058,145.414215,145.414215,36835300
146.218979,148.499161,144.579651,146.124603,146.124603,30385000
146.566727,147.162842,143.675522,144.683975,144.683975,18575200
145.106216,147.033691,144.177261,146.899567,146.899567,15085300
147.689423,147.838455,144.74855,144.8181,144.8181,16104600
143.759979,146.944275,143.32283,146.815109,146.815109,21482900
147.167816,147.788773,146.074921,147.157883,147.157883,15012100
147.242325,147.34169,144.569717,145.727188,145.727188,16889600
145.747055,146.248795,144.525009,144.94725,144.94725,11806000
145.309906,148.653152,145.106216,148.464386,148.464386,23024400
151.683441,152.383896,149.065475,149.472824,149.472824,21474100
149.646698,150.719711,148.921417,149.621857,149.621857,16986400
149.030701,149.974564,147.912964,148.802185,148.802185,12496300
150.073914,154.172256,149.924881,153.948715,153.948715,25406900
151.797699,155.294952,149.924881,154.991928,154.991928,28806900
156.0103,157.873184,154.599472,155.955658,155.955658,39836100
152.195114,153.625809,147.20755,150.222946,150.222946,47077700
150.217972,150.66507,146.526978,146.969101,146.969101,19443100
146.551819,148.037155,145.101257,147.088333,147.088333,19761400
147.908005,148.151413,145.255249,147.505615,147.505615,14529600
147.744064,147.744064,145.692413,145.801697,145.801697,11928200
145.126099,145.473831,142.567734,142.950241,142.950241,16835300
143.129089,145.304932,143.119141,144.862808,144.862808,11398400
144.857834,148.792252,144.619385,148.628311,148.628311,14675100
148.037155,148.891602,146.84491,147.689423,147.689423,11938200
146.820084,148.533936,146.671051,147.90303,147.90303,10541000
147.788773,148.290512,144.713776,145.230423,145.230423,11956500
145.851379,146.869751,144.306427,144.683975,144.683975,9021800
145.036682,145.394348,143.32283,144.842941,144.842941,11633700
144.708801,145.220474,141.519547,141.916962,141.916962,13847400
142.021286,142.364059,139.40332,141.107239,141.107239,15127500
140.764465,144.162369,139.910019,143.92392,143.92392,13257300
143.963654,145.439056,140.96814,141.082397,141.082397,16455700
141.519547,142.965149,140.754532,141.902069,141.902069,14310800
141.83252,142.359085,141.082397,141.628845,141.628845,7817000
137.063538,139.343704,136.611481,139.090347,139.090347,23899900
139.587128,139.815628,138.90654,139.095322,139.095322,11157700
139.711319,139.825577,135.791809,136.119675,136.119675,13714600
137.187729,138.966156,136.174316,138.886673,138.886673,11719000
137.888168,141.454971,137.331787,140.372009,140.372009,17297900
140.362076,141.082397,139.080414,140.381958,140.381958,8810000
140.824081,141.589096,140.416718,140.873749,140.873749,7559400
140.208084,143.625854,140.208084,143.293015,143.293015,11882700
142.766449,143.819595,142.016327,142.706833,142.706833,9646200
143.183731,143.317856,141.26123,142.075928,142.075928,10133300
142.031219,142.821091,141.579163,142.200119,142.200119,5519700
142.329285,144.058044,142.29451,143.293015,143.293015,6913500
143.566238,143.759979,142.473343,142.62735,142.62735,8479300
142.021286,146.795242,141.718262,146.482269,146.482269,15096400
146.462402,148.673019,145.732147,146.740601,146.740601,13312500
147.679489,148.583603,147.321808,148.578644,148.578644,8838000
149.90004,154.703796,149.527466,153.869232,153.869232,20907900
153.501617,156.745514,152.095764,154.832962,154.832962,20733700
153.367493,155.627792,149.179733,150.521011,150.521011,22698100
148.792252,152.383896,147.992447,150.33223,150.33223,31133500
151.02771,151.266159,148.966125,149.130051,149.130051,15258100
149.527466,152.011307,149.383408,150.913452,150.913452,11598700
152.085831,154.644196,151.628799,152.960144,152.960144,18823500
153.208527,155.866241,151.99144,154.942245,154.942245,20371000
154.743546,158.578598,154.08284,154.678955,154.678955,26181900
155.488693,157.580093,155.285019,156.661072,156.661072,17077900
158.717697,159.438004,155.270111,156.124557,156.124557,19917300
156.457397,158.176224,155.677475,155.955658,155.955658,13835500
156.094757,156.531906,151.812607,152.011307,152.011307,16098700
152.349121,154.356064,152.051056,153.809616,153.809616,11300500
156.094757,157.724152,155.135986,157.20752,157.20752,18421600
155.801666,159.020721,155.384369,158.310349,158.310349,18439700
158.941238,159.601944,154.365997,154.495163,154.495163,18407400
155.334702,156.432556,153.004852,154.351089,154.351089,16765000
156.055008,156.223907,154.043091,155.364502,155.364502,16091500
156.377914,157.311844,154.266647,155.483734,155.483734,13628600
155.6427,156.392822,153.576141,154.321289,154.321289,11216800
154.301422,155.314819,151.444992,152.060989,152.060989,17196200
151.613892,152.602463,148.533936,149.512558,149.512558,18733400
150.024231,150.024231,144.400818,147.758972,147.758972,21272700
148.981018,149.144958,145.324799,147.113174,147.113174,17149000
147.788773,151.613892,146.328278,151.514542,151.514542,15231700
151.494675,152.984985,150.391846,150.660095,150.660095,14247600
151.017776,153.933807,150.99791,153.352585,153.352585,14112500
153.993423,154.559738,149.63179,150.620361,150.620361,28004300
171.782715,172.095688,165.424072,168.851776,168.851776,46082500
170.575577,173.521408,169.98938,173.198517,173.198517,18986000
171.772781,172.577545,170.32222,172.334137,172.334137,13846000
172.021164,176.849762,171.976456,176.571579,176.571579,17930800
177.147827,177.391235,174.70372,175.389267,175.389267,10335500
176.487122,178.315231,176.36293,177.92775,177.92775,11883700
178.95607,186.164185,178.593414,184.867615,184.867615,28872300
184.728516,190.709625,183.312729,188.464218,188.464218,32924900
189.61673,191.256058,187.366364,188.613251,188.613251,21268100
189.969437,192.040955,189.457764,191.727997,191.727997,14993600
193.72998,194.62912,191.479614,193.953522,193.953522,17764500
196.273438,197.450775,194.807968,196.238663,196.238663,19307700
195.851181,196.516846,193.0345,193.690231,193.690231,15897600
192.085663,192.890427,187.793579,188.34996,188.34996,21069900
187.95752,194.410553,187.495529,194.286362,194.286362,18376000
196.283371,197.167618,193.168625,193.938614,193.938614,14219600
194.79306,197.823349,194.499969,197.202393,197.202393,15717300
195.915756,197.217285,194.211838,195.130859,195.130859,17361900
196.81987,198.136307,195.781631,197.788574,197.788574,17503300
199.601776,200.600296,198.474121,200.421448,200.421448,18544200
200.44133,200.943054,198.633087,198.81192,198.81192,14142500
198.295273,203.665359,195.473633,203.357361,203.357361,20804600
203.004654,207.306671,201.802475,206.889389,206.889389,19316700
207.172546,210.987732,206.546616,210.063736,210.063736,20301100
211.514297,212.9897,211.275848,212.925125,212.925125,9743100
213.521255,214.226669,209.855087,210.371735,210.371735,22160000
210.858566,211.822296,199.770691,200.466156,200.466156,43271100
200.823837,202.905304,196.501938,201.146729,201.146729,31396000
203.277878,206.377716,202.825821,205.707077,205.707077,19616400
207.122864,208.4095,205.592819,207.500412,207.500412,15185000
207.152664,207.401062,200.833771,201.613693,201.613693,20712500
203.029495,206.859573,199.552109,200.962936,200.962936,30447300
201.7677,202.03595,198.21579,200.80397,200.80397,23483500
201.340469,203.998184,200.019073,203.998184,203.998184,17935800
206.159134,206.546616,202.959946,203.277878,203.277878,15386100
205.975327,206.263458,203.650452,204.971863,204.971863,13990600
204.917206,207.649445,204.48999,207.396088,207.396088,16433700
207.172546,208.50885,206.402557,208.126343,208.126343,13346900
208.200851,210.202835,206.904282,209.909744,209.909744,12170100
211.295731,214.852585,210.009094,213.685181,213.685181,32873300
214.703568,221.6633,208.697617,210.928116,210.928116,44158800
212.547577,214.703568,210.962891,213.481506,213.481506,20300500
215.374191,217.018509,208.995682,211.787521,211.787521,22589700
214.489944,215.031433,211.588821,214.624084,214.624084,15191200
214.678726,214.852585,213.004608,214.072662,214.072662,9249800
214.534653,214.534653,210.014053,210.947983,210.947983,13492700
210.79895,212.507843,209.268906,211.96637,211.96637,14328300
212.607193,212.979767,208.230667,208.717499,208.717499,13981800
207.286804,207.753769,205.533203,206.089584,206.089584,15272800
209.894836,216.427353,207.758728,216.208771,216.208771,26413000
220.515762,223.029404,218.454163,221.181427,221.181427,30771600
221.558975,224.31604,219.323517,224.162048,224.162048,21757200
226.958847,233.729813,225.155579,231.325455,231.325455,35744800
231.698029,235.170441,228.980698,231.941452,231.941452,25750100
230.709457,233.605621,229.527145,233.362198,233.362198,18312400
234.11232,236.019913,233.074081,234.291168,234.291168,18131900
235.329407,235.960312,229.258896,230.317017,230.317017,20382200
230.654816,231.936478,229.313538,231.618546,231.618546,15412700
230.033844,233.431747,229.770569,232.045761,232.045761,16648100
222.204773,227.202271,220.192856,221.017487,221.017487,41237700
224.127274,225.27977,215.100983,216.814835,216.814835,29263600
217.932556,218.593262,196.094589,198.439346,198.439346,82768100
202.373749,212.810867,201.554092,212.368744,212.368744,45778400
216.606186,221.037369,215.836197,220.083572,220.083572,31130300
224.171982,225.647385,213.22319,215.100983,215.100983,37723300
218.349838,218.573395,210.411469,215.731873,215.731873,26020200
216.094513,217.694107,213.103958,215.344391,215.344391,17014300
213.228149,215.240067,211.126831,212.030945,212.030945,17289400
213.893829,218.379654,210.615158,214.932068,214.932068,44418900
193.258041,199.701141,192.507919,199.591843,199.591843,54597700
200.605255,201.9366,196.710587,196.740387,196.740387,23769000
195.538208,195.677307,185.081223,189.542206,189.542206,36801300
191.410065,193.690231,188.553635,191.30574,191.30574,17997000
190.257553,190.61026,180.501022,182.771255,182.771255,33476700
183.049438,184.147293,176.189056,183.347504,183.347504,41878800
184.40065,185.990311,176.904404,178.225815,178.225815,23979700
179.805542,181.072296,175.429001,180.133408,180.133408,30644900
172.200012,174.167206,169.840347,171.733047,171.733047,39692000
171.54924,174.708694,170.093704,170.550735,170.550735,29498600
169.532349,171.88208,167.823471,170.083771,170.083771,26062300
171.71814,182.314224,171.131958,182.045959,182.045959,42908200
183.734985,184.867615,180.635147,183.183563,183.183563,28826600
182.036026,185.563095,181.375336,182.11055,182.11055,17484900
182.388733,183.282928,180.754364,181.564102,181.564102,13036500
181.623718,189.388214,181.51442,187.813461,187.813461,25266400
187.430939,188.806992,185.538254,187.480621,187.480621,13052800
189.403122,194.584412,188.911316,193.92868,193.92868,20557200
195.329575,197.48555,168.16127,180.138367,180.138367,79388100
183.089188,183.531311,179.482635,181.221329,181.221329,24279200
180.963013,189.318665,179.929733,187.008682,187.008682,36898900
190.908325,192.36882,186.665924,187.868103,187.868103,24079500
189.224274,190.461227,182.383774,182.860672,182.860672,17995600
181.330612,183.034531,177.917816,181.047455,181.047455,20892500
175.821457,178.851746,174.137405,175.796616,175.796616,23643800
176.546738,178.106583,169.646606,170.391769,170.391769,28001700
170.640152,171.136917,164.703766,167.659531,167.659531,38902500
169.363449,171.931747,166.641159,167.440964,167.440964,27462100
167.480698,175.046494,165.235306,174.445404,174.445404,37141400
174.251663,175.011719,169.164749,171.136917,171.136917,25703600
173.178635,173.248184,167.858246,168.290436,168.290436,20163600
168.305328,169.785706,166.382843,168.797134,168.797134,17214600
170.063904,173.913864,169.666489,172.970001,172.970001,20950600
173.874115,174.693787,168.444427,168.861725,168.861725,19790000
168.777267,170.938217,167.659531,169.010742,169.010742,15290700
170.068863,171.757874,169.000809,169.840347,169.840347,14966000
183.118988,183.849243,180.083725,181.718094,181.718094,30558600
182.358932,184.654007,181.320679,183.650528,183.650528,14138700
184.654007,187.709137,184.385742,187.381271,187.381271,18007800
188.742416,198.210831,188.528809,196.213821,196.213821,38302400
193.337524,195.478607,190.565552,192.964951,192.964951,29614700
193.113983,194.668869,190.7742,193.739914,193.739914,73517800
193.506424,194.966934,192.711594,193.590881,193.590881,16351000
193.690231,201.141769,192.815918,200.863571,200.863571,31635700
202.781097,205.945526,200.10849,202.676788,202.676788,26995400
201.931625,205.607727,201.40506,204.261475,204.261475,17308700
204.872498,205.09108,200.704605,201.7677,201.7677,14143100
202.224716,207.237122,201.315643,206.844681,206.844681,18761400
206.864548,208.195892,201.797501,203.506393,203.506393,22358800
203.178513,204.335999,201.285828,203.153687,203.153687,12112200
202.99472,203.556061,198.955978,199.780624,199.780624,13191000
200.421448,204.917206,199.124878,202.095566,202.095566,16626300
202.646973,203.590836,199.452759,200.813904,200.813904,16381000
204.951981,205.483521,202.050858,203.923676,203.923676,13651500
204.177032,206.655899,202.781097,206.159134,206.159134,24702500
222.999603,223.903717,216.675735,217.137726,217.137726,45395900
218.280304,220.913177,216.849609,218.826736,218.826736,17787600
218.394547,219.095001,211.623596,212.199844,212.199844,19262300
212.487976,213.630539,210.396576,211.608688,211.608688,14650200
210.088577,212.075653,208.339951,208.657883,208.657883,16784200
207.962402,211.489471,206.804932,207.619629,207.619629,14939000
207.882919,208.364792,197.987289,198.161148,198.161148,20857100
199.24411,199.94455,192.945084,196.124405,196.124405,26379000
196.894394,199.452759,194.177063,195.811432,195.811432,16249300
196.238663,198.146255,194.837769,196.099564,196.099564,9364400
197.51535,199.045395,194.624161,195.876022,195.876022,12208800
196.278397,197.276901,193.76474,196.114471,196.114471,10303700
196.571487,203.178513,195.602798,203.079163,203.079163,18400000
202.835754,204.524765,199.631592,200.187973,200.187973,12454800
200.406555,201.047379,191.246124,192.249603,192.249603,17901100
190.530777,191.191483,185.568054,185.856186,185.856186,20306300
186.750366,188.846741,182.935181,186.884491,186.884491,17291800
186.780182,187.212357,183.749878,184.450333,184.450333,13066500
184.107559,188.692734,183.913818,186.039993,186.039993,21426000
188.166153,189.671371,184.157242,184.296326,184.296326,11745800
185.433929,186.039993,179.119995,183.814468,183.814468,22944500
182.736481,185.309738,181.44487,184.276459,184.276459,17320600
185.89592,190.699677,185.573029,186.576492,186.576492,18082700
187.45578,190.48111,184.604324,189.393173,189.393173,19231900
188.315186,190.262527,184.952072,190.257553,190.257553,16495700
191.032516,191.693222,188.787125,189.442856,189.442856,7381600
187.91777,189.268982,184.524841,184.768265,184.768265,8688100
185.692245,187.902878,182.204926,184.708649,184.708649,16066300
185.563095,190.257553,184.599365,190.073761,190.073761,12637600
192.17012,192.289337,187.505463,188.494034,188.494034,12855800
186.874557,189.492538,185.866119,186.010178,186.010178,11189200
187.073273,193.739914,186.934174,193.73494,193.73494,20652900
195.349442,196.154205,192.001221,192.00618,192.00618,17938400
192.622177,195.861115,188.071777,195.379242,195.379242,20853700
194.827835,196.437363,191.429932,192.035995,192.035995,12395000
192.915268,193.983322,189.268982,189.537247,189.537247,10103400
189.219315,192.249603,187.838287,192.011154,192.011154,15417700
193.655457,194.286362,188.037003,190.953033,190.953033,15645000
192.060837,194.857635,190.262527,194.236679,194.236679,13659500
193.292816,194.201904,192.746368,194.087646,194.087646,10678100
194.162155,196.124405,192.23967,192.815918,192.815918,15365400
192.761276,194.668869,192.00618,192.334045,192.334045,8132300
194.266479,200.694672,193.615723,199.765717,199.765717,17602400
199.492493,201.688217,192.746368,198.682755,198.682755,11900600
200.078674,203.551102,199.075211,201.121902,201.121902,10698700
202.060791,202.83078,200.322098,200.80397,200.80397,7148600
201.544144,202.681747,199.209335,199.860107,199.860107,8267500
200.699646,201.926666,199.268951,201.742859,201.742859,7469200
202.676788,207.748795,201.598801,207.555054,207.555054,13402900
206.457199,208.31015,204.832764,208.31015,208.31015,12597300
208.662842,210.515793,208.369751,210.232635,210.232635,4341400
209.398071,210.033936,206.477066,209.368256,209.368256,10036000
210.322052,211.315598,209.626587,210.227676,210.227676,7422000
211.648438,212.562485,206.596283,208.866531,208.866531,12162300
210.351868,211.241074,206.844681,207.748795,207.748795,8930400
207.902786,211.151657,205.180496,210.908249,210.908249,12020200
209.681229,210.00412,207.018539,207.276871,207.276871,9877100
205.662369,207.818344,202.100525,203.09407,203.09407,13939000
203.839218,204.415482,198.01709,200.446289,200.446289,15202400
201.007645,204.172058,200.555573,202.627106,202.627106,11699300
203.551102,203.95845,197.5849,200.222748,200.222748,17184600
196.228714,199.273911,196.054855,198.210831,198.210831,17147800
200.833771,200.913254,191.583939,192.309219,192.309219,25240400
191.822388,194.609253,187.62468,193.794556,193.794556,23662100
195.140793,195.672333,189.373306,194.186996,194.186996,16277300
191.266006,194.390671,190.659943,193.421982,193.421982,11597100
192.845718,194.688736,190.262527,191.504456,191.504456,11135700
192.433411,192.493011,187.753845,189.964462,189.964462,11355500
189.765762,193.521332,189.631622,192.805984,192.805984,8220200
192.746368,193.327591,190.416519,192.050888,192.050888,9250200
191.310715,191.63858,186.541733,186.541733,186.541733,10997400
186.586441,187.366364,181.420044,182.428482,182.428482,14287800
181.310745,187.733978,180.505981,186.482117,186.482117,12736200
188.553635,189.110016,184.673874,185.717087,185.717087,10256600
184.549683,188.638092,184.375809,187.753845,187.753845,7945000
190.173111,191.007675,188.32016,189.268982,189.268982,11561000
190.163177,191.097092,186.963974,187.252106,187.252106,8678000
185.731995,187.614746,185.026581,185.890961,185.890961,8579200
185.990311,186.427475,182.810989,183.059372,183.059372,7582000
184.549683,186.352951,183.143829,183.521378,183.521378,10001200
185.846252,189.601822,185.09613,189.254089,189.254089,13483400
190.500977,192.96991,189.825363,192.607269,192.607269,11782500
191.946579,193.739914,190.719559,191.653473,191.653473,10226400
191.90683,192.294312,189.144791,190.44136,190.44136,9968800
187.828354,188.275452,186.397659,187.430939,187.430939,8098900
187.644547,188.404602,186.208893,187.922745,187.922745,8382300
187.599838,187.912811,185.125931,185.508453,185.508453,7331900
186.010178,186.983856,184.927231,185.657471,185.657471,7010200
185.334579,186.447342,185.046448,185.423996,185.423996,4965400
186.5914,189.244156,186.288376,189.244156,189.244156,8382000
189.159698,189.924728,187.381271,188.25061,188.25061,8978000
188.379776,191.082199,188.032028,189.144791,189.144791,8141300
189.512405,189.840271,187.878036,188.041962,188.041962,5958200
189.264023,189.408081,187.376297,188.076736,188.076736,5380400
188.707642,191.454773,187.500488,190.938126,190.938126,8201500
189.81543,190.356918,188.603317,188.841766,188.841766,7496500
188.469193,189.641571,187.480621,188.022095,188.022095,7733900
187.142822,189.164673,187.142822,187.704163,187.704163,6206800
187.907837,191.102066,187.664429,190.804001,190.804001,9117200
191.256058,195.096085,191.196457,194.683777,194.683777,10955100
196.298264,202.06575,196.273438,201.971375,201.971375,19663300
200.843704,201.827301,199.666367,200.684738,200.684738,10801900
202.423431,203.700134,202.055817,203.615677,203.615677,15778200
203.675293,207.992218,203.412003,206.005142,206.005142,14305800
206.38765,206.402557,195.101059,200.600296,200.600296,28771600
202.234665,202.378723,196.034988,197.217285,197.217285,18414400
198.856628,202.905304,198.638046,202.110474,202.110474,21523100
201.181503,202.408524,199.383209,200.585388,200.585388,9359500
201.479568,203.402069,199.949524,200.684738,200.684738,11549100
201.439835,202.522781,199.586884,202.120407,202.120407,10647500
201.83725,204.281342,199.884933,200.158157,200.158157,11829800
200.734421,202.175049,198.975861,200.486038,200.486038,10281100
201.256027,201.499435,199.408035,199.651459,199.651459,6664700
199.651459,201.688217,199.105011,199.422943,199.422943,7351200
199.348434,201.916733,197.808441,200.714539,200.714539,11000400
201.176544,206.541641,200.222748,206.506866,206.506866,13410200
206.010101,207.768661,204.102509,204.574448,204.574448,11654800
203.784576,209.591812,203.551102,208.891357,208.891357,14768300
211.027466,214.579361,210.341934,213.113907,213.113907,15265100
214.385635,217.5103,209.830261,211.946487,211.946487,19704500
211.136765,213.565964,210.510834,211.871979,211.871979,11344000
212.895325,213.451706,210.630051,212.338943,212.338943,9750900
212.49791,213.362289,211.405014,212.269394,212.269394,7292100
212.468094,213.213257,209.308655,209.512329,209.512329,8694900
208.792007,210.505859,207.003647,208.960907,208.960907,10489700
210.128311,211.002625,207.401062,208.300201,208.300201,12112800
208.757233,213.362289,208.429367,211.653397,211.653397,23156600
228.012009,228.563416,225.329453,228.349808,228.349808,23447200
229.646378,240.75412,228.69754,238.836594,238.836594,30405400
236.601135,237.386032,234.18187,235.125732,235.125732,17433000
237.202225,242.671661,236.019913,241.727798,241.727798,18494300
242.264297,244.390472,240.535553,240.982635,240.982635,14154800
240.38652,241.052185,234.718384,236.064621,236.064621,13293800
235.875854,238.677628,233.486389,236.745193,236.745193,13211500
237.485382,239.522141,235.389023,236.655777,236.655777,12652400
237.83313,238.016922,231.12674,232.239502,232.239502,10923100
232.239502,235.334381,231.683121,233.436722,233.436722,10541400
234.589218,235.344315,231.02739,234.37561,234.37561,9879100
235.354248,238.280212,234.638901,236.933975,236.933975,10047800
236.933975,237.96228,234.360703,234.758118,234.758118,9857800
233.655304,239.313492,232.78595,235.965271,235.965271,16033500
236.710434,238.19577,234.405426,234.787933,234.787933,9821800
235.359222,235.826172,233.625488,235.244965,235.244965,5629600
235.915604,239.030334,235.538055,238.960785,238.960785,8740100
238.79686,243.391968,238.69751,243.069077,243.069077,14540700
245.120728,248.309982,244.37558,244.37558,244.37558,16850200
245.90065,247.231995,244.688538,246.347748,246.347748,10251300
245.031311,248.215591,244.90712,247.783401,247.783401,11093600
247.589661,247.589661,244.733246,245.925491,245.925491,10315500
246.66568,253.352188,246.312973,253.178314,253.178314,16964500
253.834061,254.842499,251.255829,252.363617,252.363617,9059900
250.619965,252.11026,250.371567,250.868347,250.868347,3487800
249.065079,249.268753,240.808777,240.808777,240.808777,14744600
239.010468,243.34726,236.973709,243.168427,243.168427,15696500
245.523102,245.7715,239.566849,240.759094,240.759094,12712700
240.530579,243.615509,239.219116,240.838577,240.838577,11227400
241.4198,242.617004,237.703964,238.846527,238.846527,11335900
239.939423,242.140106,238.126221,240.858444,240.858444,9863400
242.125214,243.138611,240.878311,241.926498,241.926498,8259300
241.906631,244.609055,240.694519,242.77597,242.77597,8958400
243.531067,244.310989,239.651306,239.76059,239.76059,9389200
239.412857,242.721329,238.449112,240.490845,240.490845,8001400
240.893219,242.870361,240.336838,240.401413,240.401413,6569200
240.361679,241.608566,238.588211,239.333374,239.333374,8416200
240.778961,241.181351,236.96875,237.947388,237.947388,9384800
238.573303,240.311996,237.087967,239.502274,239.502274,9559500
239.76059,240.490845,238.369629,238.598145,238.598145,10449000
239.696014,239.810272,228.871414,229.904694,229.904694,16137400
229.368179,233.138657,227.768585,232.800858,232.800858,13259600
233.48143,234.226578,229.671204,229.954361,229.954361,8792400
230.590225,231.12178,224.708481,226.626022,226.626022,13997000
227.27182,227.838135,224.902222,226.318024,226.318024,8028400
226.784988,228.250458,225.826218,227.286713,227.286713,4175500
228.513733,232.527634,228.06665,232.502792,232.502792,8517900
232.050735,232.776016,229.63147,229.785461,229.785461,6272900
229.556946,230.734299,228.444183,228.752182,228.752182,5151600
231.494354,236.789917,229.065155,232.28421,232.28421,15513200
